source,Headline,Body,Relevancy
https://t.co/aNqYe04o4r,"
      AMD Job - 25975142 | CareerArc

    ",Preferred Qualifications: LI-BT1,100
https://t.co/iFyNltQ7AG,o2 Free Boost und o2 Free mit Connect: Doppeltes Datenvolumen zum kleinen Preis - Ein Tarif f√ºr alle vernetzten Ger√§te (FOTO) | Mobile Kommunikation - Nachrichten,"Das neue o2 Free Portfolio umfasst ab dem 5. Juni drei Tarife: Wie bisher gibt es den o2 Free S mit 1 GB Highspeed-Datenvolumen f√ºr 19,99 Euro monatlich und den Erfolgstarif o2 Free M mit 10 GB f√ºr nur 29,99 Euro im Monat. Beim neuen o2 Free L erh√∂ht o2 bei unver√§ndertem Preis von 39,99 Euro monatlich das Datenvolumen von 20 GB auf satte 30 GB. 60 GB f√ºr 44,99 Euro - Rundum-Sorglos-Datenpaket f√ºr den Massenmarkt Der o2 Free M bietet den Kunden mit Boost 20 GB f√ºr nur 34,99 Euro im Monat. Das Datenvolumen des o2 Free L Boost w√§chst zum g√ºnstigen Rundum-Sorglos-Datenpaket von 60 GB f√ºr attraktive 44,99 Euro im Monat. Die Welt vernetzter Alltagshelfer in einem Tarif Das √ºppige Datenvolumen der neuen o2 Free Tarife l√§sst sich ab dem 5. Juni ohne Zusatzkosten mit bis zu zehn mobilen Ger√§ten √ºber einen zentralen Tarif nutzen. Zum Beispiel werden Wearables immer beliebter und erg√§nzen das Smartphone durch ihre zus√§tzlichen Funktionen und intelligenten Sensoren. Mit der neuen o2 Free Funktion Connect ist jetzt nur noch ein Mobilfunkvertrag notwendig, da sich alle zugeh√∂rigen SIM-Karten das Highspeed-Datenvolumen des gew√§hlten o2 Free Tarifs teilen. Ein Big Data Tarif f√ºr bis zu 10 Ger√§te ""Der Markt hatte bisher keine L√∂sung, all diese Endger√§te einfach und flexibel zu nutzen. Die neue o2 Free Funktion Connect ist eine innovative L√∂sung mit klarem Mehrwert f√ºr den Verbraucher in einer neuen Welt vernetzter Alltagshelfer. Damit revolutioniert Connect die Welt der smarten Ger√§te und verbindet diese mit den o2 Free Big Data-Tarifen. Mit noch mehr Daten und noch mehr Ger√§ten setzen wir einen neuen Standard f√ºr die mobile Freiheit unserer Kunden"", sagt Metze. o2 Vorreiter bei disruptiven Mobilfunkl√∂sungen In keiner Marke von Telef√≥nica Deutschland kristallisiert sich der Gedanke der Freiheit so sehr heraus wie bei o2: ""Wir sind der Pionier der Freiheit und stehen f√ºr kompromisslose Selbstbestimmung der Kunden. Das ist unsere klare strategische Ausrichtung und damit treffen wir den Nerv unserer Kunden"", so Metze. Die Reihe innovativer L√∂sungen f√ºr die Freiheit seiner Kunden setzt o2 jetzt mit seinen neuen Produkten im Rahmen der gro√üen Freiheitsoffensive 2018 konsequent fort. ""Das Kundenversprechen ,Freiheit' wird auch k√ºnftig ohne Wenn und Aber das Handeln von o2 bestimmen. Unter dem Motto Freiheitsoffensive 2018 setzen wir unseren Kurs im Sinne unserer Kunden konsequent weiter fort. Unsere o2 Vertrags- und Prepaid-Kunden d√ºrfen sich auf weitere L√∂sungen f√ºr ihren individuellen digitalen Lifestyle noch in diesem Jahr freuen"", k√ºndigt Metze an. Pressestelle Telef√≥nica Deutschland Original-Content von: Telef√≥nica Deutschland Holding AG, √ºbermittelt durch news aktuell",92.1782100138
https://t.co/BORSiGxoRB,"Das Erste: ""Bericht aus Berlin"" 
am Sonntag, 27. Mai 2018, um 18:30 Uhr im Ersten | Politik - Nachrichten","Geplante Themen: SPD Original-Content von: ARD Das Erste, √ºbermittelt durch news aktuell",79.9935419373
https://t.co/augXyLbl93,Kraftstoff im Norden am billigsten / Deutlicher Anstieg in den vergangenen Wochen (FOTO) | Auto & Verkehr - Nachrichten,"Auch f√ºr Dieselfahrer ist Hamburg ein vergleichsweise g√ºnstiges Pflaster. Ein Liter kostet im Mittel 1,249 Euro, gefolgt von Schleswig-Holstein (1,252 Euro) und Bremen (1,265 Euro). Am teuersten tankt man Diesel derzeit in Baden-W√ºrttemberg (1,300 Euro), Rheinland-Pfalz (1,301 Euro) und im Saarland (1,315 Euro). Die Preisdifferenz zwischen dem g√ºnstigsten und teuersten Bundesland liegt bei 6,6 Cent. Die 50-Liter-Tankf√ºllung ist damit im Saarland um 3,30 Euro teurer als in Hamburg. Original-Content von: ADAC, √ºbermittelt durch news aktuell",70.9938648405
https://t.co/lC9feSJf3W,"Stephan Rauhut auf Twitter: ""Preparing for the final #livrma #uclfinal #Klopp #youllneverwalkalone (@ Hochreiter Steirer Am Markt in Munich, Bavaria) https://t.co/iC90pQzPWp""","In deinem Browser ist JavaScript deaktiviert. M√∂chtest du mit dem klassischen Twitter weitermachen? Ja Politikwissenschaftler, t√§tig im Bereich Politikberatung; hier privat Hier ist die URL f√ºr diesen Tweet. Einfach kopieren und mit Freunden teilen. Auf deiner Timeline findest du in Echtzeit die Informationen, die dir wichtig sind. Um einem Account zu entfolgen, Cursor zum Profilbild bewegen und Folgen-Button klicken. Wenn du einen Tweet siehst, den du magst, dann klicke das Herz und zeige damit dem Verfasser, dass dir der Tweet gef√§llt. Der schnellste Weg, den Tweet eines anderen mit deinen Followern zu teilen, ist ein Retweet. Tippe auf das Symbol, um ihn sofort zu retweeten. Teile deine Gedanken zu einem Tweet ganz einfach in einer Antwort mit. Finde ein Thema, das dich interessiert, und leg direkt los. Erhalte einen aktuellen √úberblick, wor√ºber sich andere zur Zeit unterhalten. Folge mehr Accounts, um sofort Updates zu Themen zu bekommen, die dir wichtig sind. Sieh sofort die neuesten Unterhaltungen zu jedem Thema. Lass dir keine der besten Geschichten entgehen, w√§hrend sie passieren.  Zur√ºck zum Anfang ‚Üë",91.5306333861
https://t.co/D55MRAaFpE,12. Deutscher Seniorentag 28. - 30. Mai / Wenn Seh- und H√∂rverm√∂gen nachlassen: Ger√§te in anspruchsvollem Design gibt es auch mit komfortabler Bedienung (FOTO) | Mobile Kommunikation - Nachrichten,"N√ºtzlich ist alles, was die Lebensqualit√§t √§lterer Generationen erh√§lt und verbessert. Sinnvoll ist, wenn Ger√§tebeschriftungen gut lesbar und beispielsweise ein Telefon h√∂rger√§tekompatibel ist. Ansonsten wollen die √Ñlteren unter uns keine so genannten ""Seniorenmodelle"". Moderne Ger√§te werden solchen Anspr√ºchen oft nicht gerecht. Beispiel Telefone oder Smartphones: Sie werden zwar immer smarter, aber auch kleiner, komplexer und damit schwer bedienbar. Kann Telefonie nicht einfach sein und dar√ºber hinaus zus√§tzlich Sicherheit bieten? Doch -kann sie. Man muss sich nur ausreichend informieren. Wenn ab einem gewissen Alter Komfortfunktionen eine Rolle spielen, dann sollte man auf folgende Punkte achten: Ein diesbez√ºglich beispielhaftes Modell ist das Gigaset E560A PLUS, eine Kombination aus Festnetztelefon mit Anrufbeantworter und Notruf-Freisprech-Clip. Dieser kann bequem am G√ºrtel getragen werden, f√§llt mit seinen 30 Gramm Gewicht und 8 cm Gr√∂√üe nicht weiter auf und eignet sich im Alltag zum Telefonieren, ohne dass das Schnurlostelefon in der N√§he sein muss. Im Fall der F√§lle l√∂st ein Tastendruck einen Notruf an bis zu vier voreingestellte Nummern aus. Hier zeigt sich, dass der Hersteller seit Jahren bei Forschung und Entwicklung die Merkmale Ergonomie, Komfort und Sicherheit besonders im Fokus hat. Das stellt er auch bei Telefonen der neuen Produktlinie ""life series"" unter Beweis. Original-Content von: Gigaset AG, √ºbermittelt durch news aktuell",84.2967616685
https://t.co/mV8mslGaV1,CeBIT: Hotelpreise steigen zur weltgr√∂√üten IT-Messe um bis zu 133 Prozent (FOTO) | Hotels und Unterk√ºnfte - Nachrichten,"Messenahe √úbernachtung ab 324 Euro - knappe Hotelkapazit√§ten Messebesucher, die eine l√§ngere Anreise in Kauf nehmen, k√∂nnen aus 27 Hotels im Umkreis von zehn Kilometern zum Veranstaltungsort w√§hlen. Das g√ºnstigste Doppelzimmer gibt es ab 245 Euro. Anbietervergleich spart bis zu 18 Prozent bei identischem Zimmer Pers√∂nliche Beratung per Telefon oder E-Mail durch CHECK24-Hotelexperten Kunden, die Fragen rund um die Hotelbuchung haben, erhalten bei den CHECK24-Hotelexperten an sieben Tagen in der Woche eine pers√∂nliche Beratung per Telefon oder E-Mail. Im digitalen Kundenkonto sehen und verwalten sie ihre Buchungen jederzeit. √úber CHECK24 CHECK24 ist Deutschlands gr√∂√ütes Vergleichsportal. Der kostenlose Online-Vergleich zahlreicher Anbieter schafft konsequente Transparenz und Kunden sparen durch einen Wechsel oft einige hundert Euro. Privatkunden w√§hlen aus √ºber 300 Kfz-Versicherungstarifen, √ºber 1.000 Strom- und √ºber 850 Gasanbietern, mehr als 30 Banken, √ºber 250 Telekommunikationsanbietern f√ºr DSL und Mobilfunk, √ºber 5.000 angeschlossenen Shops f√ºr Elektronik, Haushalt und Autoreifen, mehr als 150 Mietwagenanbietern, √ºber 1.000.000 Hotels, mehr als 700 Fluggesellschaften und √ºber 90 Pauschalreiseveranstaltern. Die Nutzung der CHECK24-Vergleichsrechner sowie die pers√∂nliche Kundenberatung an sieben Tagen die Woche ist f√ºr Verbraucher kostenlos. Von den Anbietern erh√§lt CHECK24 eine Verg√ºtung. Das Unternehmen CHECK24 besch√§ftigt gut 1.000 Mitarbeiter gruppenweit mit Hauptsitz in M√ºnchen. Original-Content von: CHECK24 GmbH, √ºbermittelt durch news aktuell",86.7552143416
https://t.co/zBuVavv3hQ,"Catharina Wilhelm auf Twitter: ""So, und heute Abend gibt‚Äòs was auf die ... nein: von der M√ºtze! #Jazzliebe #GregoryPorter #NatKingCole (@ Philharmonie - @munich_phil in M√ºnchen, Bayern) https://t.co/zLjQichhBv‚Ä¶ https://t.co/zBuVavv3hQ""","In deinem Browser ist JavaScript deaktiviert. M√∂chtest du mit dem klassischen Twitter weitermachen? Ja Hier ist die URL f√ºr diesen Tweet. Einfach kopieren und mit Freunden teilen. Auf deiner Timeline findest du in Echtzeit die Informationen, die dir wichtig sind. Um einem Account zu entfolgen, Cursor zum Profilbild bewegen und Folgen-Button klicken. Wenn du einen Tweet siehst, den du magst, dann klicke das Herz und zeige damit dem Verfasser, dass dir der Tweet gef√§llt. Der schnellste Weg, den Tweet eines anderen mit deinen Followern zu teilen, ist ein Retweet. Tippe auf das Symbol, um ihn sofort zu retweeten. Teile deine Gedanken zu einem Tweet ganz einfach in einer Antwort mit. Finde ein Thema, das dich interessiert, und leg direkt los. Erhalte einen aktuellen √úberblick, wor√ºber sich andere zur Zeit unterhalten. Folge mehr Accounts, um sofort Updates zu Themen zu bekommen, die dir wichtig sind. Sieh sofort die neuesten Unterhaltungen zu jedem Thema. Lass dir keine der besten Geschichten entgehen, w√§hrend sie passieren.  Zur√ºck zum Anfang ‚Üë",90.8629195818
https://t.co/uOHWYtz5Ew,"Vom Biggest Loser zum Biggest Winner? Saki, Gewinner der SAT.1-Abnehmchallenge, setzt sein Preisgeld an der B√∂rse ein | Aktien und B√∂rse - Nachrichten","√úber Guidants Original-Content von: B√∂rseGo AG, √ºbermittelt durch news aktuell",69.7813120642
https://t.co/UfSiAKkbOe,"TMJ-GER Retail Jobs auf Twitter: ""This #job might be a great fit for you: Supervisor/Floor Manager (m/w) in Teilzeit 20- 30 h/ Woche - https://t.co/5vC0k6YLU5 #LEGO #Retail #M√ºnchen #Hiring #CareerArc""","In deinem Browser ist JavaScript deaktiviert. M√∂chtest du mit dem klassischen Twitter weitermachen? Ja Hier ist die URL f√ºr diesen Tweet. Einfach kopieren und mit Freunden teilen. Auf deiner Timeline findest du in Echtzeit die Informationen, die dir wichtig sind. Um einem Account zu entfolgen, Cursor zum Profilbild bewegen und Folgen-Button klicken. Wenn du einen Tweet siehst, den du magst, dann klicke das Herz und zeige damit dem Verfasser, dass dir der Tweet gef√§llt. Der schnellste Weg, den Tweet eines anderen mit deinen Followern zu teilen, ist ein Retweet. Tippe auf das Symbol, um ihn sofort zu retweeten. Teile deine Gedanken zu einem Tweet ganz einfach in einer Antwort mit. Finde ein Thema, das dich interessiert, und leg direkt los. Erhalte einen aktuellen √úberblick, wor√ºber sich andere zur Zeit unterhalten. Folge mehr Accounts, um sofort Updates zu Themen zu bekommen, die dir wichtig sind. Sieh sofort die neuesten Unterhaltungen zu jedem Thema. Lass dir keine der besten Geschichten entgehen, w√§hrend sie passieren.  Zur√ºck zum Anfang ‚Üë",90.2964150542
https://t.co/XVHDqb9uia,IESE zum vierten Mal in Folge weltweit die Nummer eins | Hochschulen und Forschung - Nachrichten,"""Unsere 110 Professoren leisten im Classroom, was wir 'Complexity made operationable' nennen"", erl√§utert Dean Prof. Dr. Franz Heukamp. IESE verstehe sich seit den Anf√§ngen ""als Vorreiter in der Manager-Ausbildung mit Fokus auf die speziellen Anspr√ºche von Topmanagern und High-Potentials, die keine Zeit zu verlieren haben und greifbare Ergebnisse erwarten"". Original-Content von: IESE Business School, √ºbermittelt durch news aktuell",55.7808905235
https://t.co/dZtLxCxZSb,Erneuter Primetime-Sieg: RTL II-Sozialreportage unterstreicht Relevanz (FOTO) | Fernsehen und Rundfunk - Nachrichten," Im Anschluss unterstrich eine neue Folge von ""Die Gruppe - Schrei nach Leben"" den erfolgreichen Primetime-Auftakt der Sozialreportage: 8,0 % MA (14-49 Jahre) und starke 11,7 % MA (14-29 Jahre) standen f√ºr die Dokumentation zu Buche. Erfolgreich zeigte sich bereits der Vorabend bei RTL II: ""K√∂ln 50667"" erzielte 10,7 % MA (14-49 Jahre) und 12,3 % MA bei den jungen Zuschauern (14-29 Jahre). Im Anschluss erreichte ""Berlin - Tag &amp; Nacht"" 8,7 % MA (14-49 Jahre) und 12,6 % MA bei den 14-29-J√§hrigen. Insgesamt erzielte RTL II gestern einen Tagesmarktanteil von 7,0 % (14-49 Jahre). Original-Content von: RTL II, √ºbermittelt durch news aktuell",78.798415212
https://t.co/G9ZvWYhSfr,Internetanbieter verlangen bis zu 70 Euro f√ºr Vertragsmitnahme beim Umzug (FOTO) | Energie & Rohstoffe - Nachrichten,"Ziehen Verbraucher um und nehmen ihren vorhandenen Internetvertrag mit, zahlen sie daf√ºr bei den g√§ngigsten Anbietern einmalig zwischen 40 und 70 Euro. Bei keinem der neun betrachteten DSL- und Kabelanbieter ist die Vertragsmitnahme kostenlos. Je nach Anbieter muss der Umzug zwischen 14 Tagen und drei Monaten im Voraus gemeldet werden. ""Auch bei einem Sonderk√ºndigungsrecht lohnt es sich fr√ºhzeitig auf seinen Provider zuzugehen. Manche Anbieter entlassen Verbraucher auf Nachfrage fr√ºher aus ihrem Vertrag"", sagt Biebrich. Eine weitere M√∂glichkeit den laufenden Vertrag abzugeben, ist die Umschreibung auf einen Nachmieter. Zwei Anbieter bieten diese Option sogar kostenlos an, nur ein einziger schlie√üt das grunds√§tzlich aus. Mitnahme der Rufnummer zu einem neuen Anbieter kostet bis zu 30 Euro Entscheiden sich Internetkunden f√ºr einen Wechsel des Anbieters - mit oder ohne Umzug - und wollen ihre alte Rufnummer mitnehmen, kostet das je nach Anbieter zwischen acht und 30 Euro. Ziehen Verbraucher mit bestehendem Vertrag um, wird die Rufnummer automatisch auf den neuen Anschluss √ºbertragen. M√∂glich ist die Portierung der Rufnummer allerdings nur innerhalb desselben Vorwahlgebiets. Vergleichsportale f√∂rdern den Wettbewerb zwischen Anbietern von Internettarifen - dadurch sinkt der Preis. So sparen Verbraucher durch den Wechsel innerhalb eines Jahres durchschnittlich 352 Euro. Das ergab eine repr√§sentative Studie der WIK-Consult, einer Tochter des Wissenschaftlichen Instituts f√ºr Infrastruktur und Kommunikationsdienste (WIK).** Kunden, die Fragen zum passenden Internettarif haben, erhalten bei den CHECK24-Experten eine pers√∂nliche Beratung per Telefon oder E-Mail. Die spezialisierten Berater sind an sieben Tagen die Woche erreichbar. √úber CHECK24 CHECK24 ist Deutschlands gr√∂√ütes Vergleichsportal. Der kostenlose Online-Vergleich zahlreicher Anbieter schafft konsequente Transparenz und Kunden sparen durch einen Wechsel oft einige hundert Euro. Privatkunden w√§hlen aus √ºber 300 Kfz-Versicherungstarifen, √ºber 1.000 Strom- und √ºber 850 Gasanbietern, mehr als 30 Banken, √ºber 250 Telekommunikationsanbietern f√ºr DSL und Mobilfunk, √ºber 5.000 angeschlossenen Shops f√ºr Elektronik, Haushalt und Autoreifen, mehr als 150 Mietwagenanbietern, √ºber 1.000.000 Hotels, mehr als 700 Fluggesellschaften und √ºber 90 Pauschalreiseveranstaltern. Die Nutzung der CHECK24-Vergleichsrechner sowie die pers√∂nliche Kundenberatung an sieben Tagen die Woche ist f√ºr Verbraucher kostenlos. Von den Anbietern erh√§lt CHECK24 eine Verg√ºtung. Das Unternehmen CHECK24 besch√§ftigt gut 1.000 Mitarbeiter gruppenweit mit Hauptsitz in M√ºnchen. Original-Content von: CHECK24 GmbH, √ºbermittelt durch news aktuell",86.1837457962
https://t.co/KW6pOErV2a,"Druckfrisch - Neue B√ºcher mit Denis Scheck
Am Sonntag, 27. Mai 2018, um 23:35 Uhr mit Philip Roths letztem Interview f√ºr das deutsche Fernsehen | Literatur - Nachrichten","Philip Roth - Das letzte Interview f√ºr das deutsche Fernsehen Im Sommer 2011 besuchte das ""Druckfrisch""-Team Philip Roth in New York - wenige Monate, bevor der Autor sich entschloss, mit dem Schreiben aufzuh√∂ren. Es wurde ein Gespr√§ch √ºber die gro√üen Themen seines Lebens: M√§nner und Frauen, das Verh√§ltnis zum Vater, die Kraft oder die Ohnmacht der Literatur. Am 22. Mai 2018 ist Philip Roth - Daueranw√§rter auf den Nobelpreis - gestorben. Wir zeigen das Interview erstmals in ausf√ºhrlicher L√§nge. Und last not least kommentiert Denis Scheck die aktuelle SPIEGEL-Bestsellerliste Sachbuch. ""Druckfrisch"" im Internet: DasErste.de/druckfrisch Original-Content von: ARD Das Erste, √ºbermittelt durch news aktuell",74.3052817307
https://t.co/vdNAbFDQqC,Welt-MS-Tag: Multiple Sklerose - Eine Krankheit im Wandel | Medizin - Nachrichten,"Die Zahl der Menschen mit der Diagnose Multiple Sklerose (MS) nimmt in Industriel√§ndern stetig zu. Allein in Deutschland sind es 240.000 - eine Verdopplung in den vergangenen 40 Jahren. Die neurologische Erkrankung ist zwar immer besser therapier-, aber immer noch nicht heilbar. Die Behandlung der MS hat sich seit den 1990er Jahren stark ver√§ndert. Die Gr√ºnde: Bessere und fr√ºhere Diagnosen und Medikamente, die den Krankheitsverlauf ver√§ndern k√∂nnen. Die Deutsche Multiple Sklerose Gesellschaft (DMSG) begeht den diesj√§hrigen Welt-MS-Tag am 30. Mai unter dem Motto ""Unheilbar optimistisch"". Weitere Artikel zum Thema ""Multiple Sklerose"" finden Sie auf Pharma Fakten: Pharma Fakten-Grafik - Multiple Sklerose: Je fr√ºher in die Therapie, desto besser Die Erkrankung Multiple Sklerose (MS) tritt deutlich h√§ufiger auf als bisher angenommen. Das geht aus einem Bericht des Versorgungsatlas, eine Einrichtung des Zentralinstituts f√ºr die kassen√§rztliche Versorgung (Zi), hervor. Original-Content von: PHARMA FAKTEN, √ºbermittelt durch news aktuell",77.7606295612
https://t.co/olKDODnOrK,Erneuter Primetime-Sieg: RTL II-Sozialreportage unterstreicht Relevanz | Fernsehen und Rundfunk - Nachrichten," Im Anschluss unterstrich eine neue Folge von ""Die Gruppe - Schrei nach Leben"" den erfolgreichen Primetime-Auftakt der Sozialreportage: 8,0 % MA (14-49 Jahre) und starke 11,7 % MA (14-29 Jahre) standen f√ºr die Dokumentation zu Buche. Erfolgreich zeigte sich bereits der Vorabend bei RTL II: ""K√∂ln 50667"" erzielte 10,7 % MA (14-49 Jahre) und 12,3 % MA bei den jungen Zuschauern (14-29 Jahre). Im Anschluss erreichte ""Berlin - Tag &amp; Nacht"" 8,7 % MA (14-49 Jahre) und 12,6 % MA bei den 14-29-J√§hrigen. Insgesamt erzielte RTL II gestern einen Tagesmarktanteil von 7,0 % (14-49 Jahre).",73.2881497701
https://t.co/s1vOHWGa7l,"""K√∂ln 50667"" √ºberzeugt dauerhaft am Vorabend | Fernsehen und Rundfunk - Nachrichten"," - ""K√∂ln 50667"" acht Tage in Folge √ºber 10 % MA (14-49 Jahre) - Erfolgreichste Strecke seit M√§rz 2014 Auch im sechsten Jahr der Ausstrahlung bleibt ""K√∂ln 50667"" ein Erfolg: Die RTL II-Vorabendsoap erzielte am gestrigen Mittwoch mit 10,4 % (16,6 % MA 14-29 Jahre) zum achten Mal in Folge zweistellige Marktanteile in der werberelevanten Zielgruppe der 14-49-J√§hrigen. Das ist die erfolgreichste Strecke f√ºr das Format seit M√§rz 2014. Hintergrund sind die aktuellen Story-Highlights der Soap aus der Domstadt: W√§hrend Lina kurz vor der Hochzeit mit ihrem Vergewaltiger steht, liegt Jule weiterhin im Koma und ringt mit dem Tod. Original-Content von: RTL II, √ºbermittelt durch news aktuell",76.9489039716
https://t.co/edoisJquiJ,OLG M√ºnchen macht bei SKW den Weg frei f√ºr eine Alternative zum europarechtswidrigen Insolvenzplan; Hauptversammlung wechselt halben Aufsichtsrat aus und stellt Weichen zur Beseitigung der Insolvenz | Finanzmeldungen - Nachrichten,"Hintergrund: Zum weiteren Vorgehen: 1) Haircut der Banken: 2) Kapitalerh√∂hung: √úber die MCGM [Management &amp; Capital Group] GmbH: Original-Content von: MCGM [Management & Capital Group] GmbH, √ºbermittelt durch news aktuell",79.6594969455
https://t.co/yGgCXpRlKB,"‚ö°Ô∏è Owen auf Twitter: ""Holy crap, Instapaper is basically going dark in Europe with <24 hours notice because GDPR. üôÖ‚Äç‚ôÄÔ∏è‚Ä¶ ""","In deinem Browser ist JavaScript deaktiviert. M√∂chtest du mit dem klassischen Twitter weitermachen? Ja Hier ist die URL f√ºr diesen Tweet. Einfach kopieren und mit Freunden teilen. Auf deiner Timeline findest du in Echtzeit die Informationen, die dir wichtig sind. Um einem Account zu entfolgen, Cursor zum Profilbild bewegen und Folgen-Button klicken. Wenn du einen Tweet siehst, den du magst, dann klicke das Herz und zeige damit dem Verfasser, dass dir der Tweet gef√§llt. Der schnellste Weg, den Tweet eines anderen mit deinen Followern zu teilen, ist ein Retweet. Tippe auf das Symbol, um ihn sofort zu retweeten. Teile deine Gedanken zu einem Tweet ganz einfach in einer Antwort mit. Finde ein Thema, das dich interessiert, und leg direkt los. Erhalte einen aktuellen √úberblick, wor√ºber sich andere zur Zeit unterhalten. Folge mehr Accounts, um sofort Updates zu Themen zu bekommen, die dir wichtig sind. Sieh sofort die neuesten Unterhaltungen zu jedem Thema. Lass dir keine der besten Geschichten entgehen, w√§hrend sie passieren. There should be a wall of shame for this stuff somewhere. If you're going dark after two years of notice, I have questions. Yep :-\ We are actively working on a resolution ‚Äì sorry for the inconvenience, Owen. Hm, I don't get why this is happening when a) you don't need to comply BY Friday, you just need a plan and B) this was announced two years ago? Yeah... I can't comment on specifics other than to say that I'm actively working on resolving it. Sorry. :-\ This is a bummer, however I really appreciate the hard work over the years! Thanks ‚Äì hope to be back soon Owen, working hard on it. what the fuck shady shit are they doing that they‚Äôre *that* worried? :/ I mean unroll I could understand‚Ä¶ but instapaper? I have questions I was reading the privacy policy and the data must be going somewhere (maybe Pinterest and beyond) which would be bad for gdpr Sorry to say that it is real. We are actively working on bringing the service back online for residents in Europe, and we intend to restore access as soon as possible Do they know GDPR applies to all European citizens, regardless of where they reside? Can‚Äôt they just ask if it is okay to do store data? It is my, very limited understanding, that if they ask permission it is okay. They can't make a blanket acceptance a requirement to use them, only the data they actually need, and they have to be able to explain to you what they're doing with your data. If any company says that's too hard, they're up to no good.  Zur√ºck zum Anfang ‚Üë",90.5992298933
https://t.co/qO0d5JUwx2,Bayernpartei: BAMF-Skandal - etablierte Politik im Selbstschutzmodus | Politik - Nachrichten,"Harold Amann, Landespressesprecher Original-Content von: Bayernpartei, √ºbermittelt durch news aktuell",65.7258049787
https://t.co/rh5irs5Wv3,"GRIP - Das Motormagazin: ""JP Kraemer checkt den BMW i8 Roadster"" (FOTO) | Auto & Verkehr - Nachrichten","Sendetermin: Sonntag, 27. Mai 2018, um 18:00 Uhr bei RTL II Mallorca im Fr√ºhling - das perfekte Terrain, um ""oben ohne"" zu fahren. F√ºnf Jahre nach dem i8 Coup√© schickt BMW die Roadster-Variante des Hybridsportlers auf die Stra√üe. Mit verbesserter Akkutechnik und st√§rkerem Elektromotor kann das Cabrio 53 Kilometer weit rein elektrisch fahren - das Ganze zum Einstiegspreis von 155.000 Euro. JP Kraemer checkt, ob der i8 Roadster tats√§chlich der Sportwagen der Zukunft ist. Zuschauerin Ramona sucht einen spritzigen Stadtflitzer, der zugleich ein h√ºbsches Cabrio ist - ein ""Minicabrio"" sozusagen. Ramona hat nicht viel Geld zur Verf√ºgung: Mehr als 5.000 Euro darf der offene Fahrspa√ü nicht kosten. GRIP-Gebrauchtwagenexperte Det M√ºller findet einen Ford Streetka, einen Opel Tigra und einen Smart Roadster. Ist der passende Flitzer f√ºr Ramona dabei? GRIP bei der Neuauflage der renommierten Oldie- und Youngtimer-Auktion im schweizerischen Toffen: Bei der gro√üen Fr√ºhjahrsversteigerung kommen insgesamt 93 Traumautos unter den Hammer. Das Besondere: Viele davon werden ohne Mindestpreis angeboten. Das lockt gerade die Schn√§ppchenj√§ger an. Aber ob sie auch tats√§chlich zu ihrem Traumwagen kommen? ""GRIP - Das Motormagazin"" am 27. Mai 2018 um 18:00 Uhr bei RTL II √úber ""GRIP - Das Motormagazin"": Seit zehn Jahren und in √ºber 400 Sendungen bietet ""GRIP - Das Motormagazin"" seinen Zuschauern sonntags um 18:00 Uhr bei RTL II kompetenten Motorjournalismus vereint mit Tests der Superlative. Mit viel Humor, einem hochwertigen Look und au√üergew√∂hnlichen Themen verbindet ""GRIP - Das Motormagazin"" Unterhaltung rund um die Motorwelt mit Service f√ºr den Verbraucher. Moderator Matthias Malmedie und sein Team zeigen jede Woche die hei√üesten Auto-Trends, wagen rasante Versuche und geben kompetente Tipps. Original-Content von: RTL II, √ºbermittelt durch news aktuell",83.4985775459
https://t.co/vVKQH3FTKP,"Das Erste: ""hart aber fair"" 
am Montag 28. Mai 2018, 21:00 Uhr, live aus Berlin | Programmank√ºndigungen - Nachrichten","Das Thema: Mieten zu hoch, Bauen zu teuer - wenn Wohnen arm macht! In St√§dten und Boom-Regionen explodieren die Mieten. Warum sind Wohnungen vielerorts Mangelware? Muss der Staat die Mieter st√§rker vor Spekulanten sch√ºtzen? Und auch Vorschriften kippen, die Bauen und Wohnen unerschwinglich machen? Redaktion: Markus Zeidler (WDR) Original-Content von: ARD Das Erste, √ºbermittelt durch news aktuell",76.7788565057
https://t.co/n2zeoV1okr,Senior Site Reliability Engineer (m/f) ‚Äî GitHub Jobs,"Full Time / Munich The Westwing mission is to inspire and make every home a beautiful home. We are on a quest to bring the wonders of eCommerce for home & living to our more than 1,000,000 customers in 14 countries on three continents. In less than 7 years on the market, we have grown to more than 266 million Euros in annual sales. More importantly, the opportunity ahead of us is massive. The Westwing team is the secret to our success. Our more than 1,400 team members balance creativity and style with innovative technology and strong business fundamentals. We are proud to be working with inspiring colleagues who are smart, fun, ambitious, and looking for the challenge to transform an industry and take it into the future. Do you think this could be you? To pursue our ambitious growth strategy, we are looking for a Senior Site Reliability Engineer (m/f). In this position, you will be responsible for continuing to build out a first-class, innovative team embodying the Site Reliability Engineering philosophy and methodology. Your responsibilities will be: You come with: We offer: Interested? Looking forward to your full application under specification of your possible starting date and salary expectation. Apply now Westwing Group GmbH - Miriam Rabung - Moosacher Stra√üe 88, 80809 Muenchen jobs@westwing.de www.westwing.de https://www.westwing.de/joblist/#oI1o7fwY ¬© 2018 GitHub Inc. All rights reserved.",85.9312906151
https://t.co/BkonC3k31l,Stichtag 25.05.2018 - Kundenumfrage zeigt: 79% der Unternehmen haben erhebliche finanzielle Einbu√üen durch Datenschutzgrundverordnung der EU (DSGVO) | Datensicherheit und IT Security - Nachrichten,"Unternehmen erhalten derzeit diverse Beraterangebote, die die fehlende Expertise vieler Unternehmer im Bereich des Datenschutzes ausnutzen und √§u√üerst kostspielig sind. Zudem ist die Umsetzung der Verordnung mit einem enormen Zeitaufwand verbunden. ""Ich war selbst √ºber die drastischen Reaktionen zahlreicher Unternehmer √ºberrascht. Viele der Unternehmen, die bisher keine erh√∂hten Kosten wahrnehmen, scheinen sich den anstehenden Herausforderungen nicht bewusst zu sein."" so Joachim Haedke, Gesch√§ftsf√ºhrer der Finanzierung.com GmbH. ""Ich bezweifle, dass alle deutschen Bundestagsabgeordneten ihren Datenverkehr bereits DSGVO-konform f√ºhren, sonst w√§ren vermutlich schon Ma√ünahmen getroffen worden, um diese Tortur zu stoppen."" Die Datenschutzgrundverordnung (DSGVO) ist eine EU-weite Vereinheitlichung und Neuregelung der Datenschutzrichtlinien, die sowohl Unternehmen, als auch Verb√§nde, Institutionen und Vereine betrifft. Unter anderem wird der gesamte Umgang mit personenbezogenen Daten neu geregelt und erschwert. Die Verordnung st√∂√üt europaweit auf heftige Kritik aus der Wirtschaft. Original-Content von: Finanzierung.com GmbH, √ºbermittelt durch news aktuell",72.5678549432
https://t.co/X2gc2ieAFH,"TMJ-GER Recruit Jobs auf Twitter: ""We're #hiring! Read about our latest #job opening here: Talent Acquisition Sr. Analyst / Recruiter - https://t.co/qTMPltJuAw #DellJobs #Recruiting #Munich, BY #CareerArc""","In deinem Browser ist JavaScript deaktiviert. M√∂chtest du mit dem klassischen Twitter weitermachen? Ja Hier ist die URL f√ºr diesen Tweet. Einfach kopieren und mit Freunden teilen. Auf deiner Timeline findest du in Echtzeit die Informationen, die dir wichtig sind. Um einem Account zu entfolgen, Cursor zum Profilbild bewegen und Folgen-Button klicken. Wenn du einen Tweet siehst, den du magst, dann klicke das Herz und zeige damit dem Verfasser, dass dir der Tweet gef√§llt. Der schnellste Weg, den Tweet eines anderen mit deinen Followern zu teilen, ist ein Retweet. Tippe auf das Symbol, um ihn sofort zu retweeten. Teile deine Gedanken zu einem Tweet ganz einfach in einer Antwort mit. Finde ein Thema, das dich interessiert, und leg direkt los. Erhalte einen aktuellen √úberblick, wor√ºber sich andere zur Zeit unterhalten. Folge mehr Accounts, um sofort Updates zu Themen zu bekommen, die dir wichtig sind. Sieh sofort die neuesten Unterhaltungen zu jedem Thema. Lass dir keine der besten Geschichten entgehen, w√§hrend sie passieren.  Zur√ºck zum Anfang ‚Üë",85.7592621982
https://t.co/5Am3BQyhnT,Umschuldung: Verbraucher werden teure Altkredite los (FOTO) | Kredite und Baufinanzierung - Nachrichten,"Umschuldung des bestehenden Ratenkredits spart √ºber 2.000 Euro Nur wenige Konsumentenkredite f√ºr Reisen oder Technik Verbraucher, die Fragen zu einem Konsumentenkredit haben, erhalten bei den √ºber 200 CHECK24-Kreditexperten an sieben Tagen die Woche eine pers√∂nliche Beratung per Telefon oder E-Mail. Im Kreditcenter haben Kunden ihre Darlehen im Blick, k√∂nnen neue Anfragen starten und das passende Angebot digital abschlie√üen. √úber CHECK24 CHECK24 ist Deutschlands gr√∂√ütes Vergleichsportal. Der kostenlose Online-Vergleich zahlreicher Anbieter schafft konsequente Transparenz und Kunden sparen durch einen Wechsel oft einige hundert Euro. Privatkunden w√§hlen aus √ºber 300 Kfz-Versicherungstarifen, √ºber 1.000 Strom- und √ºber 850 Gasanbietern, mehr als 30 Banken, √ºber 250 Telekommunikationsanbietern f√ºr DSL und Mobilfunk, √ºber 5.000 angeschlossenen Shops f√ºr Elektronik, Haushalt und Autoreifen, mehr als 150 Mietwagenanbietern, √ºber 1.000.000 Hotels, mehr als 700 Fluggesellschaften und √ºber 90 Pauschalreiseveranstaltern. Die Nutzung der CHECK24-Vergleichsrechner sowie die pers√∂nliche Kundenberatung an sieben Tagen die Woche ist f√ºr Verbraucher kostenlos. Von den Anbietern erh√§lt CHECK24 eine Verg√ºtung. Das Unternehmen CHECK24 besch√§ftigt gut 1.000 Mitarbeiter gruppenweit mit Hauptsitz in M√ºnchen. Original-Content von: CHECK24 GmbH, √ºbermittelt durch news aktuell",80.0775992426
https://t.co/QcV0sXuVjK,"MacMagazine.com.br auf Twitter: ""iOS 12 dever√° abrir mais o chip NFC de iPhones ¬ª https://t.co/Z1V1c7GMrx (por @rfischmann)‚Ä¶ ""","In deinem Browser ist JavaScript deaktiviert. M√∂chtest du mit dem klassischen Twitter weitermachen? Ja Hier ist die URL f√ºr diesen Tweet. Einfach kopieren und mit Freunden teilen. Auf deiner Timeline findest du in Echtzeit die Informationen, die dir wichtig sind. Um einem Account zu entfolgen, Cursor zum Profilbild bewegen und Folgen-Button klicken. Wenn du einen Tweet siehst, den du magst, dann klicke das Herz und zeige damit dem Verfasser, dass dir der Tweet gef√§llt. Der schnellste Weg, den Tweet eines anderen mit deinen Followern zu teilen, ist ein Retweet. Tippe auf das Symbol, um ihn sofort zu retweeten. Teile deine Gedanken zu einem Tweet ganz einfach in einer Antwort mit. Finde ein Thema, das dich interessiert, und leg direkt los. Erhalte einen aktuellen √úberblick, wor√ºber sich andere zur Zeit unterhalten. Folge mehr Accounts, um sofort Updates zu Themen zu bekommen, die dir wichtig sind. Sieh sofort die neuesten Unterhaltungen zu jedem Thema. Lass dir keine der besten Geschichten entgehen, w√§hrend sie passieren.  Zur√ºck zum Anfang ‚Üë",86.7982059096
https://t.co/ZbHlkhNuN9,"Das Erste: ""Die beste Klasse Deutschlands"": Wer gewinnt das gr√∂√üte Sch√ºlerquiz 2018? (FOTO) | Schulen - Nachrichten","Am Superfinal-Samstag, 26. Mai, entscheidet sich um 10:00 Uhr im Ersten, welche Klasse den Titel mit nach Hause nimmt Ins Rennen geht au√üerdem die 6.2 der Schule an der Telemannstra√üe aus Leipzig. Ferenz darf als Klassenbester in der ersten Reihe sitzen, unterst√ºtzt von Mitsch√ºler Simon und zwei Pl√ºsch√§ffchen namens Bob und Bobby. ""Wir sind kreativ, innovativ und positiv. Damit holen wir den Pokal!"", ist sich die Klasse sicher. Welche Klasse noch ihr Ticket ins Finale ergattert, zeigt sich am Freitag, dem 25. Mai um 19:30 Uhr bei KiKA. Beim Superfinale sorgt Moderator Malte Arkona mit spannenden Quizfragen und kniffeligen Aufgaben f√ºr Nervenkitzel: ""F√ºr mich ist 'Die beste Klasse Deutschlands' die schnellste und spannendste Quizshow im deutschen Fernsehen, und ich bin schon jetzt gespannt, wer bei den kniffligen Fragen und Experimenten im Superfinale die Nase vorn haben wird."" Viele prominente G√§ste, die die Schulbank hinter sich gelassen haben, sind mit von der Partie: Tischtennis-Legende Timo Boll steht B√ºrger Lars Dietrich in einem packenden Match gegen√ºber. ""Ich finde es klasse, dass den Sch√ºlern spielerisch Wissen vermittelt wird. Es macht mich stolz, dabei mitwirken zu k√∂nnen"", freut sich der Entertainer. Schauspielerin Luise Befort (""Club der roten B√§nder"") steht im wahrsten Sinne des Wortes unter Strom. Sie ist n√§mlich Teil eines ganz besonderen Experiments: ""Es ist f√ºr mich etwas ganz Besonderes, Teil der Sendung zu sein, weil ich Malte und Ralph fr√ºher schon gro√üartig fand, und es super ist, dass ich jetzt mit den beiden vor der Kamera experimentieren darf."" Au√üerdem gibt Fu√üballstar Manuel Neuer den Schulklassen Tipps - direkt vom Fu√üballplatz. Moderator Ralph Caspers geht zwischen 40 Wasserkanistern seiner Leidenschaft f√ºr spannende Experimente nach und YouTuber Phil Laude testet mit Kim Unger eine originelle Marshmallow-Kanone. Moderatorin Jeannine Michaelsen meldet sich w√§hrend der Sendung mit spannenden Facts und unterhaltsamen Geschichten aus Edinburgh und versucht sich im Baumstammwerfen. LEA, die mit ihrem Song ""Leiser"" gerade die Charts st√ºrmt, sorgt musikalisch f√ºr noch mehr Stimmung im Studio. F√ºr den 10-j√§hrigen Joshua aus Kirchheim wird ein Traum wahr: Er darf Malte im Superfinale unterst√ºtzen und den begehrten Pokal f√ºr ""Die beste Klasse Deutschlands"" 2018 ins Studio tragen. Das beliebte Sch√ºlerquiz wird in diesem Jahr zehn Jahre alt - am 19. M√§rz 2008 feierte ""Die beste Klasse Deutschlands"" Premiere beim Kinderkanal von ARD und ZDF. Das bedeutet insgesamt 265 Sendungen, 3.140 Quizfragen, 561 Experimente und √ºber 2.200 kg Spaghetti, die in den letzten zehn Jahren von 352 Klassen verputzt wurden. ""Die beste Klasse Deutschlands: Superfinale"" am 26. Mai 2018, um 10:00 Uhr im Ersten Wiederholung: KiKA, Freitag, 1. Juni, 19:30 Uhr Pressefotos √ºber ard-foto.de, Audio/Video-Clips stehen auf Nachfrage bereit. Original-Content von: ARD Das Erste, √ºbermittelt durch news aktuell",85.6490326713
https://t.co/rMXL0WGqfv,"erik spiekermann auf Twitter: ""Wer den @krautreporter als gedruckte Zeitung haben will: bitte Bescheid sagen, wir brauchen dann eure Anschrift f√ºr den Versand: https://t.co/pxhYsNeFj7
#letterpress #krautreporter #zeitung""","In deinem Browser ist JavaScript deaktiviert. M√∂chtest du mit dem klassischen Twitter weitermachen? Ja Typomaniac Hier ist die URL f√ºr diesen Tweet. Einfach kopieren und mit Freunden teilen. Auf deiner Timeline findest du in Echtzeit die Informationen, die dir wichtig sind. Um einem Account zu entfolgen, Cursor zum Profilbild bewegen und Folgen-Button klicken. Wenn du einen Tweet siehst, den du magst, dann klicke das Herz und zeige damit dem Verfasser, dass dir der Tweet gef√§llt. Der schnellste Weg, den Tweet eines anderen mit deinen Followern zu teilen, ist ein Retweet. Tippe auf das Symbol, um ihn sofort zu retweeten. Teile deine Gedanken zu einem Tweet ganz einfach in einer Antwort mit. Finde ein Thema, das dich interessiert, und leg direkt los. Erhalte einen aktuellen √úberblick, wor√ºber sich andere zur Zeit unterhalten. Folge mehr Accounts, um sofort Updates zu Themen zu bekommen, die dir wichtig sind. Sieh sofort die neuesten Unterhaltungen zu jedem Thema. Lass dir keine der besten Geschichten entgehen, w√§hrend sie passieren. ich bin momentan kein Mitglied mehr, wirds die gedruckte auch im Shop geben zum Einzelkauf? Wei√ü ich nicht. Eher nein. Aber f√ºr 5 Euro im Monat kriegste jeden Tag die besten Artikel  Zur√ºck zum Anfang ‚Üë",90.1678197121
https://t.co/vZ8gBUTVIj,Kolumbien vor der Wahl: Das Land leidet weiterhin an den explosiven Folgen des B√ºrgerkriegs (FOTO) | Gemeinn√ºtzige Organisationen und NGOs - Nachrichten,"R√§umung der Minen wird noch Jahrzehnte dauern ""Explosive Kriegsreste verhindern nach dem Krieg die sichere R√ºckkehr der Bev√∂lkerung in ihr Zuhause"", erkl√§rt Eva Maria Fischer, Leiterin der politischen Abteilung von Handicap International. ""In Kolumbien sind 31 von 32 Departamentos vermint. Wir sind mit mehreren R√§umungs-Teams im Einsatz, doch es wird auch nach dem Friedensschluss noch Jahrzehnte dauern, bis alle explosiven Kriegsreste beseitigt sind"", so Fischer weiter. Die Expert/-innen von Handicap International veranstalten dar√ºber hinaus Programme zur Gefahrenaufkl√§rung √ºber Minen und Blindg√§nger, um vor allem Kinder, die in den betroffenen Gebieten leben m√ºssen, im Umgang mit der Gefahr zu schulen und somit die Zahl der Opfer zu verringern. Handicap International Original-Content von: Handicap International, √ºbermittelt durch news aktuell",77.5483322837
https://t.co/LAiKLPD4jA,"GRIP - Das Motormagazin: ""JP Kraemer checkt den BMW i8 Roadster"" | Auto & Verkehr - Nachrichten","Sendetermin: Sonntag, 27. Mai 2018, um 18:00 Uhr bei RTL II Mallorca im Fr√ºhling - das perfekte Terrain, um ""oben ohne"" zu fahren. F√ºnf Jahre nach dem i8 Coup√© schickt BMW die Roadster-Variante des Hybridsportlers auf die Stra√üe. Mit verbesserter Akkutechnik und st√§rkerem Elektromotor kann das Cabrio 53 Kilometer weit rein elektrisch fahren - das Ganze zum Einstiegspreis von 155.000 Euro. JP Kraemer checkt, ob der i8 Roadster tats√§chlich der Sportwagen der Zukunft ist. Zuschauerin Ramona sucht einen spritzigen Stadtflitzer, der zugleich ein h√ºbsches Cabrio ist - ein ""Minicabrio"" sozusagen. Ramona hat nicht viel Geld zur Verf√ºgung: Mehr als 5.000 Euro darf der offene Fahrspa√ü nicht kosten. GRIP-Gebrauchtwagenexperte Det M√ºller findet einen Ford Streetka, einen Opel Tigra und einen Smart Roadster. Ist der passende Flitzer f√ºr Ramona dabei? GRIP bei der Neuauflage der renommierten Oldie- und Youngtimer-Auktion im schweizerischen Toffen: Bei der gro√üen Fr√ºhjahrsversteigerung kommen insgesamt 93 Traumautos unter den Hammer. Das Besondere: Viele davon werden ohne Mindestpreis angeboten. Das lockt gerade die Schn√§ppchenj√§ger an. Aber ob sie auch tats√§chlich zu ihrem Traumwagen kommen? ""GRIP - Das Motormagazin"" am 27. Mai 2018 um 18:00 Uhr bei RTL II √úber ""GRIP - Das Motormagazin"": Seit zehn Jahren und in √ºber 400 Sendungen bietet ""GRIP - Das Motormagazin"" seinen Zuschauern sonntags um 18:00 Uhr bei RTL II kompetenten Motorjournalismus vereint mit Tests der Superlative. Mit viel Humor, einem hochwertigen Look und au√üergew√∂hnlichen Themen verbindet ""GRIP - Das Motormagazin"" Unterhaltung rund um die Motorwelt mit Service f√ºr den Verbraucher. Moderator Matthias Malmedie und sein Team zeigen jede Woche die hei√üesten Auto-Trends, wagen rasante Versuche und geben kompetente Tipps.",84.2158933121
https://t.co/UnhW3GVPaM,"Das Erste: Die 6/2 des Landesgymnasiums Latina August Hermann Francke aus Halle (Saale) ist ""Die beste Klasse Deutschlands"" 2018 (FOTO) | Schulen - Nachrichten","Wiederholung: ""Die beste Klasse Deutschlands: Superfinale"" bei KiKA, am Freitag, 1. Juni um 19:30 Uhr Original-Content von: ARD Das Erste, √ºbermittelt durch news aktuell",54.1297831527
https://t.co/8e7ALJDl3R,Datenschutz-Jugendstudie von BRAVO und YouGov: √úber die H√§lfte haben von DSGVO geh√∂rt | Society und Tagesgeschehen - Nachrichten,"Gro√üe Wissens-Unterschiede √ºber EU-Datenschutzgrundverordnung Datenschutz ist wichtig - Abmelden jedoch keine Option √úber zwei Drittel (65 Prozent) der Befragten 14- bis 19-J√§hrigen halten das Thema Datenschutz f√ºr sich pers√∂nlich f√ºr wichtig. Abmelden von sozialen Netzwerken ist jedoch keine Option f√ºr die Befragten. √úber ein Drittel (38 Prozent) stimmt den Nutzungsbedingungen zu, ohne die √Ñnderungen zu lesen, und weitere 16 Prozent stimmen ohne zu lesen zu, da sie dem Dienst vertrauen. Jeder f√ºnfte Befragte (21 Prozent) liest die Anpassungen, bevor er zustimmt. Jeder Siebte (14 Prozent) gibt an, er klicke sie einfach weg. BRAVO-Redaktionsleiterin Yvonne Huckenholz: ""Beim Thema Datenschutz ist der erste und wichtigste Schritt, sich dar√ºber bewusst zu sein, was man absichtlich und auch unabsichtlich im Internet √ºber sich preisgibt. Die Generation Z, also unsere Jugendlichen, besitzen hier eine deutlich gr√∂√üere Kompetenz als manch einer glaubt."" Nur sechs Prozent sch√ºtzen ihre die Daten gar nicht. Drei von f√ºnf Befragten (58 Prozent) haben private Profile, um nur Freunden Zugriff auf ihre pers√∂nlichen Informationen zu gestatten. Au√üerdem l√∂scht die H√§lfte (51 Prozent) regelm√§√üig den Browser-Verlauf, knapp die H√§lfte (45 Prozent) deaktiviert sogar die Standortfunktion. Die Mehrheit (84 Prozent) der ""Digital Natives"" wei√ü, dass Apps und Internetseiten Zugriff auf ihre pers√∂nlichen Daten haben und diese speichern. Mehr als zehn Prozent der Jugendlichen sagen, es sei ihnen egal, da sie nichts zu verbergen h√§tten. Besonders die M√§dchen (69 Prozent) st√∂rt dies im Vergleich zu den Jungen (51 Prozent). Sie nehmen es jedoch in Kauf, da sie die Dienste ansonsten nicht nutzen k√∂nnen. Die Umfrageergebnisse basieren auf der Erhebung Hinweis f√ºr die Redaktionen: Ausz√ºge sind nur bei Nennung der Quelle ""Datenschutz-Jugendstudie von BRAVO und YouGov"" zur Ver√∂ffentlichung frei. √úber BRAVO BRAVO geh√∂rt zur Bauer Media Group, eines der erfolgreichsten Medienh√§user weltweit. √úber 700 Zeitschriften, mehr als 400 digitale Produkte und √ºber 100 Radio- und TV-Stationen erreichen Millionen Menschen rund um den Globus. Dar√ºber hinaus geh√∂ren Druckereien, Post-, Vertriebs- und Vermarktungsdienstleistungen zum Unternehmensportfolio. Mit ihrer globalen Positionierung unterstreicht die Bauer Media Group ihre Leidenschaft f√ºr Menschen und Marken. Der Claim ""We think popular."" verdeutlicht das Selbstverst√§ndnis der Bauer Media Group als Haus popul√§rer Medien und schafft Inspiration und Motivation f√ºr die rund 11.500 Mitarbeiter in 17 L√§ndern. √úber YouGov Original-Content von: Bauer Media Group, BRAVO, √ºbermittelt durch news aktuell",87.9175446635
https://t.co/lCLQOVl3n7,"Dietmar H√∂lscher auf Twitter: ""So dann mal wieder #nopag 
Ich w√ºrde ja lieber im Biergarten sitzen, aber die #csu kommt mit einem bescheuerten Gesetz nach dem anderen daher.""","In deinem Browser ist JavaScript deaktiviert. M√∂chtest du mit dem klassischen Twitter weitermachen? Ja Hier ist die URL f√ºr diesen Tweet. Einfach kopieren und mit Freunden teilen. Auf deiner Timeline findest du in Echtzeit die Informationen, die dir wichtig sind. Um einem Account zu entfolgen, Cursor zum Profilbild bewegen und Folgen-Button klicken. Wenn du einen Tweet siehst, den du magst, dann klicke das Herz und zeige damit dem Verfasser, dass dir der Tweet gef√§llt. Der schnellste Weg, den Tweet eines anderen mit deinen Followern zu teilen, ist ein Retweet. Tippe auf das Symbol, um ihn sofort zu retweeten. Teile deine Gedanken zu einem Tweet ganz einfach in einer Antwort mit. Finde ein Thema, das dich interessiert, und leg direkt los. Erhalte einen aktuellen √úberblick, wor√ºber sich andere zur Zeit unterhalten. Folge mehr Accounts, um sofort Updates zu Themen zu bekommen, die dir wichtig sind. Sieh sofort die neuesten Unterhaltungen zu jedem Thema. Lass dir keine der besten Geschichten entgehen, w√§hrend sie passieren.  Zur√ºck zum Anfang ‚Üë",90.1967644822
https://t.co/l4uIOpxuDu,"√úber 25.000 Besucher: Perfekter Tour-Start f√ºr ""GRIP CARS &amp; COFFEE"" am ausverkauften N√ºrburgring (FOTO) | Auto & Verkehr - Nachrichten","√úber die DAZ Verlagsgruppe: √úber RTL II: Original-Content von: RTL II, √ºbermittelt durch news aktuell",71.3854859281
https://t.co/KX918CGCD4,,"Reflecting on the creation process for that piece, I realised that most of the success stories I tapped into where from women. Not just women, but exceptional women making giant strides in the digital landscape. Regardless of this critical observation, I didn't want to lose my primary focus for that particular piece. But I did promise myself that I will devote time and effort towards discussing with some of these women; share their experiences ‚Äì the highs and lows, successes and challenges along the way. It was my belief (and still is) that sharing bits and pieces from their individual stories could be helpful in providing direction to young people who are interested in defining a path for themselves in the digital space. How did your digital journey start? As an Entrepreneur, how has the experience been for you? What would you describe as your motiving factor(s)? What would you describe as your biggest challenge running your own business? Yamini: There is a lot I must say! For instance, setting up a business is quite a time-consuming and a bureaucracy infested process. Even more so when you are a non-EU citizen living in a country like Germany. The process can be quite exhausting, repetitive, and at times also dehumanising, but hey when in Rome.........? Opinion on the industry, trends, market and future? Advice for women who aspire to be in a position like you? ",100
https://t.co/aX1YRt9ZLz,IT Backend Specialist (f/m) ‚Äî GitHub Jobs,Full Time / M√ºnchen Click here for the application form! ¬© 2018 GitHub Inc. All rights reserved.,76.1495449651
https://t.co/I1TGfN93Io,"Das Erste / Start der diesj√§hrigen ""FilmDeb√ºt im Ersten""-Reihe / Zw√∂lf Filme ab 29. Mai 2018, immer dienstags ab 22:45 Uhr | Programmank√ºndigungen - Nachrichten","Die weiteren Filme und Sendetermine: 5. Juni 2018, 0:25 Uhr Therapie (BR) Von Felix Charin Mit Dominic Raacke, Taneshia Abt u. v. a. 12. Juni 2018, 00:35 Uhr Polder - Tokyo Heidi (SWR/SRF) Von Samuel Schwarz und Julian M. Gr√ºnthal Mit Nina Fog, Christoph Bach u.v.a. 19. Juni 2018, 01:10 Uhr Morris aus Amerika (SWR) Von Chad Hartigan Mit Markees Christmas, Craig Robinson u.v.a. 3. Juli 2018, 23:00 Uhr Die Hannas (SR/SWR/BR/ARTE) Von Julia C. Kaiser Mit Anna K√∂nig, Till Butterbach u.v.a. 3. Juli 2018, 0:50 Uhr Ferien (RBB) Von Bernadette Knoller Mit Britta Hammelstein, Jerome Hirthammer, Inga Busch u.v.a. Alle Filme der Reihe stehen f√ºr akkreditierte Journalisten im Online-Vorf√ºhrraum im Pressedienst Das Erste (Presse.DasErste.de) zur Ansicht bereit. Dort finden Sie auch die Pressemappe mit ausf√ºhrlichen Informationen. Original-Content von: ARD Das Erste, √ºbermittelt durch news aktuell",85.3923787482
https://t.co/yKH9NHlvZ6,"Svenja Schulze: Ich will Fahrverbote vermeiden / Bundesumweltministerin in der ADAC Motorwelt: ""Das Software-Update reicht nicht"" / B√ºndel an Ma√ünahmen erforderlich | Auto & Verkehr - Nachrichten","Generell fordert die Ministerin eine grundlegende Verkehrswende und setzt sich f√ºr einen Mix an Verkehrstr√§gern und Technologien ein. Erforderlich seien technisch intelligente L√∂sungen und alternative Strategien, damit der Verkehr umweltvertr√§glicher werden k√∂nne. Intelligente Verkehrskonzepte, die mehr √ñPNV, mehr Transport auf der Schiene und mehr Carsharing erm√∂glichten, seien laut Schulze daf√ºr notwendig. Das vollst√§ndige Interview mit Bundesumweltministerin Svenja Schulze erscheint am 25. Mai 2018 in der Juni-Ausgabe der ADAC Motorwelt. Die Clubzeitschrift ist mit einer Gesamtauflage von 13,5 Millionen Exemplaren und 14,8 Millionen Lesern Europas reichweitenst√§rkstes Einzelmedium. Original-Content von: ADAC, √ºbermittelt durch news aktuell",67.3007242458
https://t.co/7SUDvYckdw,Urlaubsbarometer 2018 / Globale Umfrage: Die Reiselust der Deutschen steigt wieder stark an /  Vollere Urlaubskasse und gesunkene Terrorangst (FOTO) | Versicherungen und Vorsorge - Nachrichten,"- Besorgniserregender Trend: Absicherung medizinischer Notf√§lle im Ausland wird unwichtiger - Globale Unterschiede: Europ√§er wollen vor allem relaxen, Chinesen lernen und Sport treiben - Fernweh: Urlaub im Ausland ist bei den Europ√§ern wieder st√§rker gefragt. Die paneurop√§ische Fu√üball EM in zwei Jahren ist als Ziel noch attraktiver als die WM 2018 Auch die Urlaubskasse ist besser gef√ºllt. Deutsche planen im Durchschnitt 2.376 EUR f√ºr den Sommerurlaub ein. 3 Prozent mehr als im Jahr zuvor, damit liegen sie fast 420 EUR √ºber dem europ√§ischen Durchschnitt. Noch gr√∂√üere Spr√ºnge im Vergleich zum Vorjahr machen die Befragten in √ñsterreich (+ 9 Prozent; 2.645 EUR), in der Schweiz (+ 9 Prozent; 2.710 EUR) und insbesondere - ein Jahr nach der Brexit-Entscheidung - in Gro√übritannien (+ 23%; 2.230 EUR). Trotzdem bleiben die Europ√§er preisbewusst: F√ºr 52 Prozent ist das Budget der entscheidende Faktor bei der Auswahl des Reiseziels, erst danach folgt das Klima mit 48 Prozent. ""Die Menschen reagieren sehr sensibel auf politische Situationen. Das sp√ºren wir als Reiseversicherer unmittelbar am Telefon oder anhand der Abrufe unserer Online-Reiseinformationen"", sagt Peter Georgi, CEO Europ Assistance Deutschland. ""Ich freue mich, dass die Befragung ein aktuell optimistischeres Bild zeigt. Trotzdem bleibt es f√ºr Versicherer ein Muss, den Terrorschutz als Standard mit in den Versicherungspaketen zu verankern."" Besorgniserregender Trend: Absicherung medizinischer Notf√§lle im Ausland wird unwichtiger F√ºr Europa insgesamt bleibt die Reisekrankenversicherung neben der Autoversicherung das wichtigste Paket, das es abzusichern gilt (jeweils 65 Prozent). Und auch f√ºr die Reisewilligen in den USA (70 Prozent), in Brasilien (58 Prozent), Indien (75 Prozent) und China (81 Prozent) ist die Absicherung des medizinischen Notfalls wichtiger als den Deutschen. ""Eine Auslandsreisekrankenversicherung f√ºr das ganze Jahr kostet kaum mehr als ein Fast-Food-Burger-Men√º"", sagt Peter Georgi. ""Gut investiertes Geld, wir bekommen t√§glich mehrere Dutzend Notrufe. Die Kosten k√∂nnen bei 50.000 EUR und dar√ºber liegen - und die nationale Krankenversicherung √ºbernimmt davon meist keinen Cent."" Wenn es um die Frage geht, bei welcher Institution die Deutschen ihre Reiseversicherung abschlie√üen, vertrauen immer mehr Menschen ihrem Versicherungsunternehmen (60 Prozent). Damit liegen sie weit √ºber dem europ√§ischen Durchschnitt (48 Prozent). In den USA sind es gerade einmal 22 Prozent, US-Amerikaner versichern sich f√ºr ihre Reise lieber √ºber ihr Kreditkarten-Unternehmen (36 Prozent). Globale Unterschiede: Europ√§er wollen vor allem relaxen, Chinesen lernen und Sport treiben F√ºr 54 Prozent der Europ√§er ist Erholung das wichtigste im Urlaub. 44 Prozent der Befragten wollen vor allem Zeit mit Familie und Freunden verbringen, gerade einmal 10 Prozent begeistern sich f√ºr Sport im Urlaub. Bei allem Verlangen nach entspannten Ferien gelingt es jedoch nur 66 Prozent der Europ√§er, im Urlaub von der Arbeit abzuschalten, 20 Prozent lesen E-Mails, 10 Prozent antworten sogar. Deutschland bildet bez√ºglich Work-Life-Balance keine Ausnahme: Knapp ein Drittel (32 Prozent) bekommt auch w√§hrend des Urlaubs den Job nicht aus dem Kopf. Chinesen legen in ihrer Freizeit weniger Wert auf Entspannung: Gerade einmal ein Viertel m√∂chte sich im Urlaub erholen, nur 40 Prozent der Befragten schalten vom Job ab. Am liebsten entdecken die Menschen aus dem Reich der Mitte neue Kulturen (39 Prozent) oder nutzen die Zeit zum Lesen und Lernen (31 Prozent). Mit 30 Prozent wird es f√ºr Chinesen immer wichtiger, im Urlaub Sport zu treiben. Unterschiede auch bei der Urlaubsplanung: 49 Prozent der Deutschen buchen mehr als vier Monate vor der Reise, in China sind es nur 19 Prozent. F√ºr ihre Entscheidung vertrauen die Chinesen zu 51 Prozent auf Online-Bewertungen - in Deutschland sind es nur 22 Prozent (4 Prozent weniger als im Vorjahr). Insgesamt sind die befragten Menschen in den Nicht-EU-L√§ndern abenteuerlustiger als die Europ√§er: In der Wildnis campen, die Wohnungen mit anderen tauschen, eine Weltreise erleben - das ist nur f√ºr 53 Prozent der Europ√§er ein Ziel. Etwas Neues ausprobieren wollen dagegen 74 Prozent der Chinesen, 70 Prozent der Brasilianer und Inder. In den USA sind es immerhin noch 67 Prozent. Diese Einstellung spiegelt sich auch in der Wahl des Reiselandes wider. Europ√§er zieht es - ganz anders als die Menschen in Nicht-EU-L√§ndern - in erster Linie dorthin, wo sie schon einmal waren (33 Prozent). Fernweh: Urlaub im Ausland ist bei den Europ√§ern wieder st√§rker gefragt Durchweg h√∂heres Interesse zeigen die Europ√§er an der in zwei Jahren in 12 europ√§ischen St√§dten stattfindenden Fu√üball EM. In Deutschland k√∂nnen sich 37 Prozent, in Polen 48 Prozent und in Portugal sogar 50 Prozent vorstellen, mit dabei zu sein. √úber die Studie ""Europ Assistance Urlaubsbarometer 2018"" √úber die Europ Assistance Gruppe Original-Content von: Europ Assistance, √ºbermittelt durch news aktuell",90.2262919366
https://t.co/JPWl2YFEnt,"e-Laden - noch zu wenig Kundenservice / Der ADAC hat erstmals √∂ffentliche e-Lades√§ulen getestet / Technisch in Ordnung, aber Schw√§chen bei Bedienkomfort, Information und Preistransparenz (FOTO) | Auto & Verkehr - Nachrichten","M√§ngel fanden sich vor allem bei der Preistransparenz. Der Betreiber-Preis pro Einheit war meist nicht auf der Lades√§ule angegeben, sondern nur √ºber das Internet oder eine App in Erfahrung zu bringen, ebenso der pro Ladung zu zahlende Betrag. Bei zehn Stationen hatte der Kunde √ºberhaupt keinen √úberblick √ºber die angefallenen Kosten und musste auf die Rechnung warten. ""Das Laden an einer e-Lades√§ule muss so komfortabel und bequem sein wie an einer herk√∂mmlichen Zapfs√§ule. Dazu geh√∂rt, dass der Verbraucher vor dem Laden wei√ü, was der Strom kostet, und nach dem Ladevorgang, wie hoch seine tats√§chliche Rechnung ist"", so Ulrich Klaus Becker, ADAC Vizepr√§sident f√ºr Verkehr. Auch wer spontan Strom tanken will, kann das derzeit nicht √ºberall. Bei zw√∂lf Stationen war das Laden ad hoc ohne irgendeine Zugangsberechtigung nicht m√∂glich. Wer auf den Internetseiten der Betreiber nach genauen Informationen sucht, wird vor allem bei den Angaben zur technischen Ausstattung der S√§ulen nicht immer f√ºndig. Hier fehlten nicht selten die Daten zur Ladeleistung. Die Adressen waren meist richtig angegeben, dennoch mussten die Tester oft suchen. Denn zwei Drittel der Lades√§ulen waren im Stra√üenraum nur schlecht zu erkennen. Viele Parkpl√§tze waren eher klein oder nahe am flie√üenden Verkehr. ""Die Betreiber von Lades√§ulen und die Genehmigungsbeh√∂rden sind gefordert, f√ºr eine bessere Sichtbarkeit der S√§ulen zu sorgen. W√ºnschenswert ist eine Wiedererkennbarkeit f√ºr alle Verbraucher in ganz Deutschland analog den Tankstellen f√ºr konventionelle Kraftstoffe"", so Becker weiter. Diese Presseinformation finden Sie online unter presse.adac.de. Folgen Sie uns auch unter twitter.com/adac Original-Content von: ADAC, √ºbermittelt durch news aktuell",75.8832536967
https://t.co/sIuOnfRAwe,We made an iPhone app for those who have too many photos,"An average iPhone user takes an astounding 10,000 photos every year. And while we just made that up, the truth is people do take a lot of photos with their iPhones. Christmas dinners with in-laws, backpacking trips to South America, silly concert selfies ‚Äî you know, memories. But photos have a way of piling up, and the next thing you know your iPhone‚Äôs brimming with them like a shopaholic's closet. The app finds blurred photos, screenshots, and photos of text you probably forgot to delete, so you can trim some weight off your library just by clearing those. Moreover, true to its name, Gemini Photos detects photos that look alike ‚Äî you know how sometimes you take several shots to pick a good one later? Using a smart algorithm, the app suggests you the best result in a set of similar photos and lets you quickly delete the rest. As a bonus feature, it even lets you delete your entire library if you need to (you‚Äôd have to select every pic manually to do that in Photos). Gemini Photos works on iOS 11 and is free with in-app purchases. You‚Äôll be able to clear unlimited blurred photos and clutter, while sorting out similar photos will cost you some extra.",66.830671927
https://t.co/68qz8UFg8v,"Das Erste: ANNE WILL am 27. Mai 2018 um 21:45 Uhr im Ersten: 
Die Bremer Asyl-Aff√§re - Systemfehler oder Einzelfall? | Politik - Nachrichten","Zu Gast bei Anne Will: ANNE WILL - politisch denken, pers√∂nlich fragen Original-Content von: ARD Das Erste, √ºbermittelt durch news aktuell",65.1387621582
